{"cameraMode":{"drawMode":0,"name":"Shaded","section":"Shading Mode"},"sceneLighting":true,"audioPlay":false,"sceneViewState":{"m_AlwaysRefresh":false,"showFog":true,"showSkybox":true,"showFlares":true,"showImageEffects":true,"showParticleSystems":true,"showVisualEffectGraphs":true,"m_FxEnabled":true},"in2DMode":false,"pivot":{"x":846.4966430664063,"y":741.9244995117188,"z":2.6903576850891115},"rotation":{"x":0.10587070882320404,"y":0.22469155490398408,"z":-0.024564743041992189,"w":0.968350887298584},"size":1113.6431884765625,"orthographic":false}