{"cameraMode":{"drawMode":0,"name":"Shaded","section":"Shading Mode"},"sceneLighting":true,"audioPlay":false,"sceneViewState":{"m_AlwaysRefresh":false,"showFog":true,"showSkybox":true,"showFlares":true,"showImageEffects":true,"showParticleSystems":true,"showVisualEffectGraphs":true,"m_FxEnabled":true},"in2DMode":false,"pivot":{"x":4.1827874183654789,"y":-1.7351332902908326,"z":2.216784715652466},"rotation":{"x":0.5955629944801331,"y":-0.07680343091487885,"z":0.05734981223940849,"w":0.7975727319717407},"size":4.056115627288818,"orthographic":false}